Time,PV,SP,OP,Error
1,0.95215,-1.1975,-0.65935,-1.272
2,0.8612,-1.1975,-0.39945,-1.1783
3,0.57189,-1.1975,-0.22385,-0.88026
4,0.45609,-1.1975,-0.067528,-0.76096
5,0.19163,-1.1975,0.0062097,-0.48852
6,-0.28786,-1.1975,-0.035919,0.0054416
7,-0.61851,-1.1975,-0.16064,0.34606
8,-0.92439,-1.1975,-0.35555,0.66118
9,-1.1641,-1.1975,-0.5803,0.90811
10,-1.4948,-1.1975,-0.8929,1.2488
11,-1.3543,-1.1975,-1.1475,1.104
12,-1.1393,-1.1975,-1.3249,0.8826
13,-0.47804,-1.1975,-1.288,0.20136
14,0.026307,-1.1975,-1.1317,-0.31821
15,0.45609,-1.1975,-0.90696,-0.76096
16,0.45609,-1.1975,-0.72429,-0.76096
17,0.48094,-1.1975,-0.53994,-0.78657
18,0.14201,-1.1975,-0.46267,-0.43741
19,-0.23825,-1.1975,-0.46616,-0.045671
20,-0.89963,-1.1975,-0.66284,0.63567
21,-1.1393,-1.1975,-0.89816,0.8826
22,-1.4948,-1.1975,-1.2265,1.2488
23,-1.5196,-1.1975,-1.5251,1.2743
24,-1.1146,-1.1975,-1.6691,0.8571
25,-0.56889,-1.1975,-1.6936,0.29495
26,-0.11426,-1.1975,-1.6217,-0.1734
27,-0.048164,-1.1975,-1.569,-0.24149
28,-0.11426,-1.1975,-1.5426,-0.1734
29,-0.61851,-1.1975,-1.6603,0.34606
30,-0.97401,-1.1975,-1.8746,0.71229
31,-0.97401,-1.1975,-2.0431,0.71229
32,-0.61851,-1.1975,-2.0782,0.34606
33,0.11716,-1.1975,-1.9202,-0.4118
34,0.21639,-1.1975,-1.792,-0.51403
35,0.14201,-1.1975,-1.7042,-0.43741
36,0.051067,-1.1975,-1.6129,-0.34372
37,-0.30443,-1.1975,-1.6463,0.022512
38,-0.66812,-1.1975,-1.7621,0.39718
39,-0.54413,-1.1975,-1.8025,0.26944
40,-0.51937,-1.1975,-1.857,0.24394
41,-0.66812,-1.1975,-1.9641,0.39718
42,-0.8583,-1.1975,-2.1116,0.59309
43,-0.88306,-1.1975,-2.2433,0.6186
44,-1.098,-1.1975,-2.4628,0.84003
45,-1.0236,-1.1975,-2.6437,0.76341
46,-0.13911,-1.1975,-2.519,-0.1478
47,0.59665,-1.1975,-2.2275,-0.90576
48,0.95215,-1.1975,-1.8921,-1.272
49,0.97691,-1.1975,-1.5813,-1.2975
50,0.8612,-1.1975,-1.3161,-1.1783
51,0.6215,-1.1975,-1.1159,-0.93137
52,0.40657,-1.1975,-0.9719,-0.70994
53,0.45609,-1.1975,-0.78053,-0.76096
54,0.29076,-1.1975,-0.65758,-0.59065
55,0.24124,-1.1975,-0.53291,-0.53963
56,0.14201,-1.1975,-0.43106,-0.43741
57,0.266,-1.1975,-0.28707,-0.56514
58,0.092398,-1.1975,-0.20625,-0.38629
59,0.051067,-1.1975,-0.12726,-0.34372
60,-0.023309,-1.1975,-0.067528,-0.2671
61,-0.072925,-1.1975,-0.01311,-0.21598
62,-0.2631,-1.1975,-0.027169,-0.020066
63,-0.54413,-1.1975,-0.122,0.26944
64,-0.66812,-1.1975,-0.23088,0.39718
65,-0.88306,-1.1975,-0.38013,0.6186
66,-1.0236,-1.1975,-0.56978,0.76341
67,-0.99877,-1.1975,-0.73309,0.7378
68,-0.80868,-1.1975,-0.83843,0.54198
69,-0.69288,-1.1975,-0.95258,0.42268
70,-0.66812,-1.1975,-1.0457,0.39718
71,-0.80868,-1.1975,-1.1879,0.54198
72,-1.2881,-1.1975,-1.4794,1.0358
73,-1.9742,-1.1975,-1.9202,1.7427
74,-2.214,-1.1975,-2.4207,1.9897
75,-1.9495,-1.1975,-2.8052,1.7172
76,-0.80868,-1.1975,-2.8193,0.54198
77,0.52227,-1.1975,-2.4611,-0.82914
78,1.4977,-1.1975,-1.9378,-1.834
79,1.6465,-1.1975,-1.446,-1.9873
80,1.7127,-1.1975,-0.95789,-2.0555
81,1.5473,-1.1975,-0.54166,-1.8852
82,1.1918,-1.1975,-0.2414,-1.5189
83,0.81159,-1.1975,-0.016599,-1.1272
84,0.48094,-1.1975,0.16077,-0.78657
85,0.14201,-1.1975,0.2257,-0.43741
86,-0.47804,-1.1975,0.1063,0.20136
87,-0.88306,-1.1975,-0.065808,0.6186
88,-1.2633,-1.1975,-0.3204,1.0103
89,-1.379,-1.1975,-0.57858,1.1295
90,-1.5443,-1.1975,-0.90342,1.2998
91,-1.4783,-1.1975,-1.1704,1.2318
92,-1.1146,-1.1975,-1.3319,0.8571
93,-0.59375,-1.1975,-1.3389,0.32056
94,0.092398,-1.1975,-1.1598,-0.38629
95,0.30734,-1.1975,-0.99648,-0.60772
96,0.49742,-1.1975,-0.79454,-0.80354
97,0.16677,-1.1975,-0.71903,-0.46291
98,0.051067,-1.1975,-0.64878,-0.34372
99,-0.61851,-1.1975,-0.78225,0.34606
100,-0.92439,-1.1975,-0.95258,0.66118
101,-1.2137,-1.1975,-1.1932,0.95922
102,-0.99877,-1.1975,-1.3284,0.7378
103,-0.73431,-1.1975,-1.4162,0.46536
104,0.21639,-1.1975,-1.2055,-0.51403
105,0.78683,-1.1975,-0.89993,-1.1017
106,1.1671,-1.1975,-0.53463,-1.4934
107,1.2167,-1.1975,-0.17115,-1.5445
108,1.0018,-1.1975,0.12036,-1.3231
109,0.52227,-1.1975,0.27486,-0.82914
110,-0.072925,-1.1975,0.29246,-0.21598
111,-0.59375,-1.1975,0.16425,0.32056
112,-1.0731,-1.1975,-0.072838,0.81442
113,-1.6683,-1.1975,-0.46267,1.4276
114,-1.8585,-1.1975,-0.85952,1.6235
115,-1.6932,-1.1975,-1.1721,1.4532
116,-1.379,-1.1975,-1.4109,1.1295
117,-0.59375,-1.1975,-1.4057,0.32056
118,-0.13911,-1.1975,-1.3179,-0.1478
119,0.16677,-1.1975,-1.1475,-0.46291
120,0.52227,-1.1975,-0.92451,-0.82914
121,0.64626,-1.1975,-0.69799,-0.95688
122,0.6215,-1.1975,-0.48902,-0.93137
123,0.16677,-1.1975,-0.41174,-0.46291
124,-0.80868,-1.1975,-0.62774,0.54198
125,-1.6436,-1.1975,-1.0211,1.4021
126,-2.429,-1.1975,-1.6093,2.2112
127,-2.4041,-1.1975,-2.1397,2.1855
128,-1.6436,-1.1975,-2.4101,1.4021
129,-0.61851,-1.1975,-2.3768,0.34606
130,0.48094,-1.1975,-2.0765,-0.78657
131,1.0513,-1.1975,-1.6866,-1.3741
132,1.5473,-1.1975,-1.1897,-1.8852
133,1.6217,-1.1975,-0.73486,-1.9618
134,1.4977,-1.1975,-0.33097,-1.834
135,1.1918,-1.1975,0.0062097,-1.5189
136,0.73721,-1.1975,0.18706,-1.0506
137,0.051067,-1.1975,0.18706,-0.34372
138,-0.80868,-1.1975,-0.02014,0.54198
139,-1.5196,-1.1975,-0.35378,1.2743
140,-2.0238,-1.1975,-0.82088,1.7938
141,-2.2388,-1.1975,-1.3319,2.0152
142,-1.9495,-1.1975,-1.6849,1.7172
143,-1.1146,-1.1975,-1.8113,0.8571
144,-0.47804,-1.1975,-1.778,0.20136
145,-0.21349,-1.1975,-1.7253,-0.071179
146,0.0014513,-1.1975,-1.634,-0.2926
147,-0.072925,-1.1975,-1.5777,-0.21598
148,-0.048164,-1.1975,-1.5356,-0.24149
149,-0.048164,-1.1975,-1.4917,-0.24149
150,-0.072925,-1.1975,-1.4478,-0.21598
151,0.051067,-1.1975,-1.3565,-0.34372
152,-0.072925,-1.1975,-1.3161,-0.21598
153,-0.097685,-1.1975,-1.2494,-0.19048
154,-0.21349,-1.1975,-1.2283,-0.071179
155,-0.75907,-1.1975,-1.3969,0.49087
156,-0.94915,-1.1975,-1.5883,0.68669
157,-1.1146,-1.1975,-1.8043,0.8571
158,-0.61851,-1.1975,-1.8359,0.34606
159,-0.16387,-1.1975,-1.7534,-0.12229
160,0.266,-1.1975,-1.5637,-0.56514
161,0.40657,-1.1975,-1.3969,-0.70994
162,0.29076,-1.1975,-1.2704,-0.59065
163,0.16677,-1.1975,-1.1756,-0.46291
164,-0.45318,-1.1975,-1.288,0.17575
165,-0.40357,-1.1975,-1.3459,0.12464
166,-0.45318,-1.1975,-1.3846,0.17575
167,-0.37881,-1.1975,-1.3758,0.099132
168,-0.28786,-1.1975,-1.3547,0.0054416
169,-0.54413,-1.1975,-1.4285,0.26944
170,-1.0236,-1.1975,-1.662,0.76341
171,-1.3295,-1.1975,-1.9272,1.0785
172,-1.1146,-1.1975,-2.1116,0.8571
173,-0.61851,-1.1975,-2.1608,0.34606
174,0.11716,-1.1975,-2.008,-0.4118
175,0.64626,-1.1975,-1.7341,-0.95688
176,1.1175,-1.1975,-1.3337,-1.4423
177,1.1918,-1.1975,-0.95258,-1.5189
178,1.1918,-1.1975,-0.61019,-1.5189
179,1.1422,-1.1975,-0.28707,-1.4678
180,0.6215,-1.1975,-0.12549,-0.93137
181,0.29076,-1.1975,-0.02191,-0.59065
182,-0.56889,-1.1975,-0.17995,0.29495
183,-1.3047,-1.1975,-0.48547,1.0529
184,-2.0487,-1.1975,-0.96138,1.8194
185,-2.9002,-1.1975,-1.6743,2.6966
186,-3.0737,-1.1975,-2.3733,2.8753
187,-1.9495,-1.1975,-2.6894,1.7172
188,-0.64336,-1.1975,-2.6349,0.37167
189,0.83644,-1.1975,-2.2082,-1.1528
190,1.5473,-1.1975,-1.6954,-1.8852
191,1.6465,-1.1975,-1.2231,-1.9873
192,1.6465,-1.1975,-0.75944,-1.9873
193,1.3572,-1.1975,-0.39065,-1.6892
194,0.97691,-1.1975,-0.13429,-1.2975
195,0.35695,-1.1975,-0.037689,-0.65883
196,-0.42842,-1.1975,-0.13955,0.15025
197,-1.0731,-1.1975,-0.38893,0.81442
198,-1.3543,-1.1975,-0.66284,1.104
199,-1.3047,-1.1975,-0.89816,1.0529
200,-1.3295,-1.1975,-1.151,1.0785
201,-1.1146,-1.1975,-1.3354,0.8571
202,-0.99877,-1.1975,-1.4899,0.7378
203,-0.75907,-1.1975,-1.5795,0.49087
204,-0.2631,-1.1975,-1.5374,-0.020066
205,-0.16387,-1.1975,-1.504,-0.12229
206,0.092398,-1.1975,-1.3758,-0.38629
207,0.14201,-1.1975,-1.267,-0.43741
208,0.14201,-1.1975,-1.1721,-0.43741
209,0.48094,-1.1975,-0.96315,-0.78657
210,0.48094,-1.1975,-0.75944,-0.78657
211,0.38171,-1.1975,-0.60842,-0.68434
212,0.026307,-1.1975,-0.5452,-0.31821
213,-0.78383,-1.1975,-0.75064,0.51638
214,-1.3543,-1.1975,-1.065,1.104
215,-1.4948,-1.1975,-1.3898,1.2488
216,-1.3295,-1.1975,-1.6234,1.0785
217,-0.35395,-1.1975,-1.5497,0.073527
218,0.11716,-1.1975,-1.4004,-0.4118
219,0.52227,-1.1975,-1.1422,-0.82914
220,0.8612,-1.1975,-0.83494,-1.1783
221,1.0926,-1.1975,-0.48199,-1.4167
222,1.0018,-1.1975,-0.19224,-1.3231
223,0.64626,-1.1975,-0.00785,-0.95688
224,0.45609,-1.1975,0.14671,-0.76096
225,0.11716,-1.1975,0.21164,-0.4118
226,-0.42842,-1.1975,0.12385,0.15025
227,-0.69288,-1.1975,0.0044396,0.42268
228,-0.94915,-1.1975,-0.17292,0.68669
229,-1.2137,-1.1975,-0.43632,0.95922
230,-1.6436,-1.1975,-0.78225,1.4021
231,-1.8338,-1.1975,-1.1668,1.598
232,-1.8338,-1.1975,-1.5215,1.598
233,-1.8338,-1.1975,-1.8956,1.598
234,-1.594,-1.1975,-2.1924,1.351
235,-1.2386,-1.1975,-2.3803,0.98483
236,-0.51937,-1.1975,-2.3838,0.24394
237,0.43133,-1.1975,-2.1098,-0.73545
238,0.97691,-1.1975,-1.7498,-1.2975
239,1.0926,-1.1975,-1.4074,-1.4167
240,1.2167,-1.1975,-1.0404,-1.5445
241,1.1918,-1.1975,-0.69799,-1.5189
242,1.2828,-1.1975,-0.31868,-1.6126
243,1.0265,-1.1975,-0.023629,-1.3486
244,0.73721,-1.1975,0.1906,-1.0506
245,0.24124,-1.1975,0.2784,-0.53963
246,-0.072925,-1.1975,0.2872,-0.21598
247,-0.5028,-1.1975,0.1818,0.22687
248,-0.97401,-1.1975,-0.042949,0.71229
249,-1.0236,-1.1975,-0.21328,0.76341
250,-1.2386,-1.1975,-0.44861,0.98483
251,-1.5692,-1.1975,-0.7647,1.3255
252,-1.6932,-1.1975,-1.0948,1.4532
253,-1.4783,-1.1975,-1.3425,1.2318
254,-1.1889,-1.1975,-1.5251,0.93372
255,-0.83344,-1.1975,-1.6199,0.56749
256,-0.56889,-1.1975,-1.6743,0.29495
257,-0.42842,-1.1975,-1.6972,0.15025
258,-0.23825,-1.1975,-1.6814,-0.045671
259,0.051067,-1.1975,-1.5936,-0.34372
260,0.29076,-1.1975,-1.4355,-0.59065
261,0.48094,-1.1975,-1.2424,-0.78657
262,1.0265,-1.1975,-0.86655,-1.3486
263,1.5225,-1.1975,-0.40471,-1.8595
264,1.3076,-1.1975,-0.055238,-1.6381
265,1.1671,-1.1975,0.27314,-1.4934
266,0.88596,-1.1975,0.49612,-1.2038
267,0.29076,-1.1975,0.56288,-0.59065
268,-0.048164,-1.1975,0.58746,-0.24149
269,-0.61851,-1.1975,0.45754,0.34606
270,-0.78383,-1.1975,0.32933,0.51638
271,-1.0236,-1.1975,0.13088,0.76341
272,-1.2633,-1.1975,-0.10617,1.0103
273,-1.4783,-1.1975,-0.38893,1.2318
274,-1.6932,-1.1975,-0.712,1.4532
275,-1.8998,-1.1975,-1.1106,1.6661
276,-1.3543,-1.1975,-1.3231,1.104
277,-1.2386,-1.1975,-1.5444,0.98483
278,-0.59375,-1.1975,-1.5602,0.32056
279,-0.23825,-1.1975,-1.5269,-0.045671
280,0.48094,-1.1975,-1.267,-0.78657
281,0.64626,-1.1975,-1.0246,-0.95688
282,0.81159,-1.1975,-0.72783,-1.1272
283,0.81159,-1.1975,-0.47319,-1.1272
284,0.81159,-1.1975,-0.20802,-1.1272
285,0.38171,-1.1975,-0.072838,-0.68434
286,0.21639,-1.1975,0.036049,-0.51403
287,-0.40357,-1.1975,-0.051749,0.12464
288,-0.99877,-1.1975,-0.27827,0.7378
289,-1.7593,-1.1975,-0.69971,1.5213
290,-2.0487,-1.1975,-1.1299,1.8194
291,-1.8585,-1.1975,-1.5145,1.6235
292,-1.2137,-1.1975,-1.6902,0.95922
293,-0.30443,-1.1975,-1.6024,0.022512
294,-0.048164,-1.1975,-1.4987,-0.24149
295,0.092398,-1.1975,-1.4039,-0.38629
296,0.29076,-1.1975,-1.2582,-0.59065
297,0.64626,-1.1975,-1.0123,-0.95688
298,0.95215,-1.1975,-0.69268,-1.272
299,1.2167,-1.1975,-0.32394,-1.5445
300,1.3572,-1.1975,0.085207,-1.6892
301,1.3076,-1.1975,0.46103,-1.6381
302,0.97691,-1.1975,0.74728,-1.2975
303,0.57189,-1.1975,0.91058,-0.88026
304,-0.23825,-1.1975,0.84736,-0.045671
305,-0.83344,-1.1975,0.66474,0.56749
306,-1.6436,-1.1975,0.27314,1.4021
307,-1.6436,-1.1975,-0.062268,1.4021
308,-1.4948,-1.1975,-0.35378,1.2488
309,-0.97401,-1.1975,-0.46793,0.71229
310,-0.47804,-1.1975,-0.46267,0.20136
311,-0.13911,-1.1975,-0.39242,-0.1478
312,0.19163,-1.1975,-0.23963,-0.48852
313,0.21639,-1.1975,-0.12372,-0.51403
314,0.30734,-1.1975,0.030789,-0.60772
315,0.092398,-1.1975,0.10104,-0.38629
316,0.051067,-1.1975,0.18357,-0.34372
317,-0.11426,-1.1975,0.23273,-0.1734
318,-0.23825,-1.1975,0.21867,-0.045671
319,-0.47804,-1.1975,0.13968,0.20136
320,-0.59375,-1.1975,0.050108,0.32056
321,-0.42842,-1.1975,0.029019,0.15025
322,-0.072925,-1.1975,0.1063,-0.21598
323,0.075827,-1.1975,0.20815,-0.36922
324,-0.13911,-1.1975,0.21164,-0.1478
325,-0.18863,-1.1975,0.23273,-0.096784
326,-0.21349,-1.1975,0.25731,-0.071179
327,-0.11426,-1.1975,0.30824,-0.1734
328,-0.23825,-1.1975,0.30824,-0.045671
329,-0.2631,-1.1975,0.33636,-0.020066
330,-0.42842,-1.1975,0.29069,0.15025
331,-0.51937,-1.1975,0.23627,0.24394
332,-0.40357,-1.1975,0.2257,0.12464
333,-0.37881,-1.1975,0.2345,0.099132
334,-0.47804,-1.1975,0.18534,0.20136
335,-0.56889,-1.1975,0.12385,0.29495
336,-0.94915,-1.1975,-0.086847,0.68669
337,-1.3295,-1.1975,-0.3819,1.0785
338,-1.3295,-1.1975,-0.62597,1.0785
339,-1.1889,-1.1975,-0.83145,0.93372
340,-0.88306,-1.1975,-0.95086,0.6186
341,-0.61851,-1.1975,-0.98419,0.34606
342,-0.13911,-1.1975,-0.90696,-0.1478
343,0.075827,-1.1975,-0.79808,-0.36922
344,-0.21349,-1.1975,-0.79631,-0.071179
345,-0.23825,-1.1975,-0.78579,-0.045671
346,-0.64336,-1.1975,-0.92977,0.37167
347,-0.40357,-1.1975,-0.93154,0.12464
348,-0.072925,-1.1975,-0.849,-0.21598
349,0.29076,-1.1975,-0.68039,-0.59065
350,0.97691,-1.1975,-0.31868,-1.2975
351,1.5225,-1.1975,0.15197,-1.8595
352,1.4977,-1.1975,0.55408,-1.834
353,1.7374,-1.1975,1.0458,-2.081
354,1.3076,-1.1975,1.39,-1.6381
355,1.2662,-1.1975,1.7605,-1.5955
356,0.97691,-1.1975,2.0344,-1.2975
357,0.43133,-1.1975,2.1609,-0.73545
358,0.24124,-1.1975,2.2768,-0.53963
359,-0.5028,-1.1975,2.117,0.22687
360,-0.99877,-1.1975,1.9062,0.7378
361,-2.0238,-1.1975,1.4339,1.7938
362,-2.7347,-1.1975,0.78764,2.5262
363,-2.6439,-1.1975,0.22924,2.4326
364,-1.5443,-1.1975,0.011469,1.2998
365,-0.32919,-1.1975,0.13968,0.048019
366,0.45609,-1.1975,0.39958,-0.76096
367,0.81159,-1.1975,0.70864,-1.1272
368,0.67102,-1.1975,0.93339,-0.98238
369,0.40657,-1.1975,1.0581,-0.70994
370,0.092398,-1.1975,1.1196,-0.38629
371,-0.42842,-1.1975,1.0528,0.15025
372,-0.66812,-1.1975,0.95797,0.39718
373,-0.59375,-1.1975,0.89303,0.32056
374,-0.51937,-1.1975,0.8421,0.24394
375,-0.66812,-1.1975,0.72973,0.39718
376,-0.89963,-1.1975,0.56288,0.63567
377,-0.83344,-1.1975,0.45051,0.56749
378,-0.5028,-1.1975,0.44697,0.22687
379,-0.13911,-1.1975,0.51195,-0.1478
380,0.21639,-1.1975,0.66651,-0.51403
381,0.40657,-1.1975,0.83856,-0.70994
382,0.48094,-1.1975,1.0405,-0.78657
383,0.57189,-1.1975,1.246,-0.88026
384,0.64626,-1.1975,1.4813,-0.95688
385,0.57189,-1.1975,1.6762,-0.88026
386,0.266,-1.1975,1.7675,-0.56514
387,-0.097685,-1.1975,1.7886,-0.19048
388,-0.54413,-1.1975,1.6762,0.26944
389,-0.99877,-1.1975,1.4795,0.7378
390,-1.3295,-1.1975,1.2126,1.0785
391,-1.9495,-1.1975,0.76134,1.7172
392,-2.1148,-1.1975,0.29949,1.8875
393,-1.8585,-1.1975,-0.060498,1.6235
394,-1.4948,-1.1975,-0.30462,1.2488
395,-1.0236,-1.1975,-0.43455,0.76341
396,-0.37881,-1.1975,-0.39768,0.099132
397,0.29076,-1.1975,-0.21505,-0.59065
398,0.45609,-1.1975,-0.016599,-0.76096
399,0.6215,-1.1975,0.21867,-0.93137
400,0.78683,-1.1975,0.46103,-1.1017
401,0.38171,-1.1975,0.55934,-0.68434
402,0.266,-1.1975,0.70864,-0.56514
403,0.19163,-1.1975,0.82627,-0.48852
404,0.051067,-1.1975,0.88777,-0.34372
405,-0.18863,-1.1975,0.88074,-0.096784
406,0.026307,-1.1975,0.9738,-0.31821
407,0.026307,-1.1975,1.0423,-0.31821
408,-0.23825,-1.1975,1.0247,-0.045671
409,-0.16387,-1.1975,1.0616,-0.12229
410,-0.37881,-1.1975,1.0177,0.099132
411,-0.5028,-1.1975,0.97203,0.22687
412,-0.64336,-1.1975,0.87194,0.37167
413,-0.64336,-1.1975,0.76483,0.37167
414,-0.88306,-1.1975,0.62256,0.6186
415,-0.47804,-1.1975,0.6173,0.20136
416,-0.072925,-1.1975,0.68229,-0.21598
417,-0.16387,-1.1975,0.69281,-0.12229
418,-0.42842,-1.1975,0.64365,0.15025
419,-0.66812,-1.1975,0.53653,0.39718
420,-1.0236,-1.1975,0.32933,0.76341
421,-1.5196,-1.1975,-0.00082011,1.2743
422,-2.0735,-1.1975,-0.46444,1.8449
423,-2.0238,-1.1975,-0.88587,1.7938
424,-1.4783,-1.1975,-1.1071,1.2318
425,-0.99877,-1.1975,-1.2441,0.7378
426,-0.42842,-1.1975,-1.2195,0.15025
427,0.30734,-1.1975,-0.98247,-0.60772
428,0.90253,-1.1975,-0.6418,-1.2209
429,1.1175,-1.1975,-0.28004,-1.4423
430,1.3572,-1.1975,0.12562,-1.6892
431,1.4977,-1.1975,0.55585,-1.834
432,1.4977,-1.1975,0.96854,-1.834
433,1.0018,-1.1975,1.2179,-1.3231
434,0.88596,-1.1975,1.4778,-1.2038
435,0.266,-1.1975,1.5744,-0.56514
436,-0.42842,-1.1975,1.4795,0.15025
437,-0.94915,-1.1975,1.2811,0.68669
438,-1.7345,-1.1975,0.86845,1.4958
439,-2.3297,-1.1975,0.33459,2.1089
440,-2.4041,-1.1975,-0.18521,2.1855
441,-2.4785,-1.1975,-0.70148,2.2622
442,-2.2884,-1.1975,-1.1387,2.0663
443,-1.379,-1.1975,-1.3302,1.1295
444,-0.11426,-1.1975,-1.1809,-0.1734
445,0.8612,-1.1975,-0.81385,-1.1783
446,0.97691,-1.1975,-0.49073,-1.2975
447,0.90253,-1.1975,-0.20802,-1.2209
448,0.81159,-1.1975,0.046619,-1.1272
449,0.59665,-1.1975,0.22044,-0.90576
450,-0.18863,-1.1975,0.16951,-0.096784
451,-0.61851,-1.1975,0.064168,0.34606
452,-0.45318,-1.1975,0.050108,0.17575
453,-0.072925,-1.1975,0.1151,-0.21598
454,0.24124,-1.1975,0.27486,-0.53963
455,0.21639,-1.1975,0.40307,-0.51403
456,0.40657,-1.1975,0.5822,-0.70994
457,0.16677,-1.1975,0.66474,-0.46291
458,-0.11426,-1.1975,0.68052,-0.1734
459,-0.35395,-1.1975,0.62959,0.073527
460,-0.51937,-1.1975,0.55408,0.24394
461,-0.61851,-1.1975,0.43994,0.34606
462,-0.78383,-1.1975,0.28543,0.51638
463,-0.89963,-1.1975,0.12739,0.63567
464,-0.51937,-1.1975,0.13265,0.24394
465,-0.56889,-1.1975,0.076458,0.29495
466,-0.2631,-1.1975,0.1151,-0.020066
467,-0.048164,-1.1975,0.20466,-0.24149
468,-0.048164,-1.1975,0.27486,-0.24149
469,0.14201,-1.1975,0.40307,-0.43741
470,-0.16387,-1.1975,0.41187,-0.12229
471,-0.54413,-1.1975,0.32933,0.26944
472,-0.97401,-1.1975,0.10453,0.71229
473,-1.2137,-1.1975,-0.15184,0.95922
474,-1.2633,-1.1975,-0.38362,1.0103
475,-0.92439,-1.1975,-0.51005,0.66118
476,-0.35395,-1.1975,-0.48199,0.073527
477,0.16677,-1.1975,-0.30988,-0.46291
478,0.54703,-1.1975,-0.093877,-0.85465
479,0.49742,-1.1975,0.086977,-0.80354
480,0.24124,-1.1975,0.19409,-0.53963
481,0.266,-1.1975,0.31881,-0.56514
482,0.14201,-1.1975,0.39781,-0.43741
483,0.11716,-1.1975,0.4856,-0.4118
484,0.026307,-1.1975,0.55059,-0.31821
485,-0.2631,-1.1975,0.54533,-0.020066
486,-0.21349,-1.1975,0.58397,-0.071179
487,-0.45318,-1.1975,0.5295,0.17575
488,-0.37881,-1.1975,0.51721,0.099132
489,-0.37881,-1.1975,0.4944,0.099132
490,-0.28786,-1.1975,0.51195,0.0054416
491,0.026307,-1.1975,0.6173,-0.31821
492,0.075827,-1.1975,0.68755,-0.36922
493,-0.072925,-1.1975,0.73671,-0.21598
494,-0.2631,-1.1975,0.72619,-0.020066
495,-0.47804,-1.1975,0.64891,0.20136
496,-0.51937,-1.1975,0.59626,0.24394
497,-0.69288,-1.1975,0.48737,0.42268
498,-1.1641,-1.1975,0.21867,0.90811
499,-1.3295,-1.1975,-0.049978,1.0785
500,-1.4039,-1.1975,-0.32743,1.1551
501,-1.6188,-1.1975,-0.69445,1.3766
502,-1.1889,-1.1975,-0.88233,0.93372
503,-0.47804,-1.1975,-0.87884,0.20136
504,-0.048164,-1.1975,-0.74361,-0.24149
505,0.73721,-1.1975,-0.43455,-1.0506
506,1.2167,-1.1975,-0.028889,-1.5445
507,1.6217,-1.1975,0.48914,-1.9618
508,1.5473,-1.1975,0.89652,-1.8852
509,0.8612,-1.1975,1.0932,-1.1783
510,0.43133,-1.1975,1.2547,-0.73545
511,-0.28786,-1.1975,1.1775,0.0054416
512,-0.80868,-1.1975,1.0019,0.54198
513,-1.098,-1.1975,0.78764,0.84003
514,-1.1641,-1.1975,0.57168,0.90811
515,-1.1393,-1.1975,0.35917,0.8826
516,-1.0731,-1.1975,0.1818,0.81442
517,-0.94915,-1.1975,0.041308,0.68669
518,-1.0484,-1.1975,-0.13429,0.78891
519,-1.1393,-1.1975,-0.34498,0.8826
520,-1.0484,-1.1975,-0.52062,0.78891
521,-0.97401,-1.1975,-0.69268,0.71229
522,-0.28786,-1.1975,-0.63826,0.0054416
523,0.0014513,-1.1975,-0.53463,-0.2926
524,0.266,-1.1975,-0.3643,-0.56514
525,0.19163,-1.1975,-0.26421,-0.48852
526,0.38171,-1.1975,-0.086847,-0.68434
527,0.64626,-1.1975,0.16602,-0.95688
528,0.48094,-1.1975,0.33808,-0.78657
529,0.24124,-1.1975,0.43468,-0.53963
530,0.14201,-1.1975,0.53653,-0.43741
531,0.21639,-1.1975,0.64891,-0.51403
532,-0.2631,-1.1975,0.59449,-0.020066
533,-0.61851,-1.1975,0.44348,0.34606
534,-0.89963,-1.1975,0.2872,0.63567
535,-0.64336,-1.1975,0.23799,0.37167
536,-0.64336,-1.1975,0.13791,0.37167
537,-0.56889,-1.1975,0.072917,0.29495
538,-0.28786,-1.1975,0.083487,0.0054416
539,-0.11426,-1.1975,0.15197,-0.1734
540,0.026307,-1.1975,0.23799,-0.31821
541,-0.16387,-1.1975,0.25028,-0.12229
542,-0.37881,-1.1975,0.19935,0.099132
543,-0.35395,-1.1975,0.19586,0.073527
544,-0.21349,-1.1975,0.24153,-0.071179
545,0.21639,-1.1975,0.38552,-0.51403
546,0.49742,-1.1975,0.6173,-0.80354
547,0.73721,-1.1975,0.88246,-1.0506
548,0.49742,-1.1975,1.03,-0.80354
549,0.38171,-1.1975,1.181,-0.68434
550,0.30734,-1.1975,1.3074,-0.60772
551,-0.097685,-1.1975,1.318,-0.19048
552,-0.13911,-1.1975,1.3478,-0.1478
553,-0.54413,-1.1975,1.2478,0.26944
554,-0.42842,-1.1975,1.2407,0.15025
555,-0.28786,-1.1975,1.2495,0.0054416
556,-0.18863,-1.1975,1.2846,-0.096784
557,-0.2631,-1.1975,1.2811,-0.020066
558,-0.2631,-1.1975,1.2706,-0.020066
559,-0.70945,-1.1975,1.1213,0.43976
560,-0.83344,-1.1975,0.98609,0.56749
561,-0.61851,-1.1975,0.94568,0.34606
562,-0.45318,-1.1975,0.91407,0.17575
563,-0.32919,-1.1975,0.93339,0.048019
564,0.026307,-1.1975,1.0318,-0.31821
565,-0.11426,-1.1975,1.0388,-0.1734
566,-0.30443,-1.1975,1.0352,0.022512
567,-0.32919,-1.1975,1.0335,0.048019
568,-0.097685,-1.1975,1.102,-0.19048
569,-0.54413,-1.1975,1.0089,0.26944
570,-0.66812,-1.1975,0.8772,0.39718
571,-1.0236,-1.1975,0.67177,0.76341
572,-1.1641,-1.1975,0.45051,0.90811
573,-1.1393,-1.1975,0.25205,0.8826
574,-0.83344,-1.1975,0.14317,0.56749
575,-0.51937,-1.1975,0.12916,0.24394
576,0.14201,-1.1975,0.29595,-0.43741
577,0.3321,-1.1975,0.44697,-0.63323
578,0.43133,-1.1975,0.63662,-0.73545
579,0.43133,-1.1975,0.80524,-0.73545
580,0.24124,-1.1975,0.91407,-0.53963
581,-0.097685,-1.1975,0.9299,-0.19048
582,-0.37881,-1.1975,0.89303,0.099132
583,-0.5028,-1.1975,0.85085,0.22687
584,-0.097685,-1.1975,0.91584,-0.19048
585,-0.13911,-1.1975,0.95448,-0.1478
586,0.19163,-1.1975,1.0932,-0.48852
587,0.29076,-1.1975,1.253,-0.59065
588,0.24124,-1.1975,1.3865,-0.53963
589,0.48094,-1.1975,1.6042,-0.78657
590,0.30734,-1.1975,1.7219,-0.60772
591,0.11716,-1.1975,1.8009,-0.4118
592,0.075827,-1.1975,1.8993,-0.36922
593,-0.11426,-1.1975,1.915,-0.1734
594,-0.21349,-1.1975,1.9221,-0.071179
595,-0.37881,-1.1975,1.8887,0.099132
596,-0.69288,-1.1975,1.7412,0.42268
597,-1.0236,-1.1975,1.5375,0.76341
598,-0.97401,-1.1975,1.3601,0.71229
599,-1.2386,-1.1975,1.102,0.98483
600,-0.99877,-1.1975,0.95099,0.7378
601,-0.69288,-1.1975,0.87017,0.42268
602,-0.13911,-1.1975,0.96328,-0.1478
603,0.026307,-1.1975,1.0546,-0.31821
604,0.075827,-1.1975,1.1213,-0.36922
605,0.16677,-1.1975,1.2231,-0.46291
606,0.14201,-1.1975,1.3092,-0.43741
607,0.21639,-1.1975,1.4234,-0.51403
608,0.35695,-1.1975,1.5867,-0.65883
609,0.14201,-1.1975,1.6815,-0.43741
610,0.075827,-1.1975,1.7851,-0.36922
611,-0.47804,-1.1975,1.6903,0.20136
612,-1.1641,-1.1975,1.4146,0.90811
613,-2.1644,-1.1975,0.88949,1.9386
614,-3.1399,-1.1975,0.097547,2.9435
615,-3.1399,-1.1975,-0.60316,2.9435
616,-2.6439,-1.1975,-1.1299,2.4326
617,-0.69288,0.83449,-1.1914,0.91665
618,0.73721,0.83449,-0.92451,-0.55661
619,1.9276,0.83449,-0.38716,-1.7829
620,2.5724,0.83449,0.25559,-2.4472
621,2.5724,0.83449,0.82101,-2.4472
622,2.4071,0.83449,1.3268,-2.2769
623,2.2169,0.83449,1.7781,-2.081
624,1.878,0.83449,2.1539,-1.7318
625,1.4977,0.83449,2.4243,-1.3401
626,1.0018,0.83449,2.5736,-0.82914
627,0.6215,0.83449,2.6403,-0.43741
628,0.266,0.83449,2.6139,-0.071179
629,-0.18863,0.83449,2.4629,0.39718
630,-0.40357,0.83449,2.3066,0.6186
631,-0.42842,0.83449,2.1556,0.64421
632,-0.47804,0.83449,1.9817,0.69532
633,-0.80868,0.83449,1.7166,1.0359
634,-0.88306,0.83449,1.4286,1.1126
635,-0.99877,0.83449,1.1266,1.2318
636,-1.0236,0.83449,0.80347,1.2574
637,-0.8583,0.83449,0.55762,1.0871
638,-0.21349,0.83449,0.52601,0.42278
639,0.16677,0.83449,0.56288,0.031047
640,0.43133,0.83449,0.65245,-0.24149
641,0.48094,0.83449,0.73322,-0.2926
642,0.49742,0.83449,0.82455,-0.30958
643,0.71236,0.83449,0.95797,-0.531
644,0.59665,0.83449,1.0616,-0.4118
645,0.97691,0.83449,1.2794,-0.80354
646,0.92729,0.83449,1.4444,-0.75242
647,0.59665,0.83449,1.5217,-0.4118
648,0.16677,0.83449,1.4883,0.031047
649,-0.45318,0.83449,1.2881,0.66971
650,-1.3543,0.83449,0.86142,1.598
651,-2.1644,0.83449,0.23627,2.4326
652,-2.7347,0.83449,-0.54343,3.0201
653,-2.495,0.83449,-1.1651,2.7732
654,-1.2633,0.83449,-1.3969,1.5043
655,0.026307,0.83449,-1.2986,0.17575
656,1.0018,0.83449,-1.0299,-0.82914
657,1.7127,0.83449,-0.59613,-1.5615
658,2.2169,0.83449,-0.083358,-2.081
659,2.2169,0.83449,0.36271,-2.081
660,2.1673,0.83449,0.84736,-2.0299
661,1.9772,0.83449,1.2196,-1.834
662,1.597,0.83449,1.4901,-1.4423
663,1.0926,0.83449,1.6569,-0.92274
664,0.52227,0.83449,1.6938,-0.33518
665,0.026307,0.83449,1.6218,0.17575
666,-0.42842,0.83449,1.4391,0.64421
667,-1.3047,0.83449,1.0001,1.5469
668,-2.1148,0.83449,0.36797,2.3815
669,-2.619,0.83449,-0.3643,2.9009
670,-2.8092,0.83449,-1.079,3.0968
671,-2.429,0.83449,-1.648,2.7051
672,-1.5692,0.83449,-1.9957,1.8194
673,-0.45318,0.83449,-2.0308,0.66971
674,0.24124,0.83449,-1.9307,-0.045671
675,0.48094,0.83449,-1.8271,-0.2926
676,0.71236,0.83449,-1.6761,-0.531
677,0.40657,0.83449,-1.6375,-0.21598
678,0.57189,0.83449,-1.5215,-0.38629
679,0.92729,0.83449,-1.3003,-0.75242
680,1.4316,0.83449,-0.94909,-1.272
681,1.6713,0.83449,-0.57155,-1.5189
682,1.6713,0.83449,-0.22031,-1.5189
683,1.597,0.83449,0.10807,-1.4423
684,1.6217,0.83449,0.43645,-1.4678
685,1.0761,0.83449,0.57866,-0.90576
686,0.76197,0.83449,0.68932,-0.58211
687,0.026307,0.83449,0.59798,0.17575
688,-0.83344,0.83449,0.2784,1.0615
689,-2.09,0.83449,-0.36784,2.356
690,-3.5697,0.83449,-1.4144,3.8803
691,-3.8094,0.83449,-2.3856,4.1273
692,-2.71,0.83449,-2.9861,2.9946
693,-0.94915,0.83449,-3.109,1.1806
694,1.0761,0.83449,-2.6946,-0.90576
695,2.5972,0.83449,-1.9518,-2.4727
696,3.4321,0.83449,-1.0966,-3.3328
697,3.4321,0.83449,-0.30988,-3.3328
698,3.0684,0.83449,0.33808,-2.9581
699,2.3326,0.83449,0.77186,-2.2002
700,1.8614,0.83449,1.1125,-1.7147
701,1.4564,0.83449,1.3829,-1.2975
702,1.0265,0.83449,1.5305,-0.85465
703,0.57189,0.83449,1.5796,-0.38629
704,0.38171,0.83449,1.6007,-0.19038
705,0.026307,0.83449,1.52,0.17575
706,-0.45318,0.83449,1.311,0.66971
707,-1.2386,0.83449,0.91407,1.4788
708,-1.6683,0.83449,0.43291,1.9215
709,-2.0487,0.83449,-0.13429,2.3134
710,-2.0238,0.83449,-0.65581,2.2878
711,-1.9495,0.83449,-1.1651,2.2112
712,-1.6436,0.83449,-1.5742,1.896
713,-0.69288,0.83449,-1.7165,0.91665
714,0.38171,0.83449,-1.5198,-0.19038
715,1.0926,0.83449,-1.2265,-0.92274
716,1.5473,0.83449,-0.85775,-1.3912
717,1.8367,0.83449,-0.417,-1.6892
718,2.002,0.83449,0.029019,-1.8595
719,2.0268,0.83449,0.47686,-1.8852
720,1.6465,0.83449,0.79467,-1.4933
721,1.2662,0.83449,1.0177,-1.1016
722,0.90253,0.83449,1.1529,-0.72692
723,0.49742,0.83449,1.188,-0.30958
724,0.29076,0.83449,1.1828,-0.096686
725,-0.11426,0.83449,1.0914,0.32056
726,-0.23825,0.83449,0.97557,0.44829
727,-0.23825,0.83449,0.8772,0.44829
728,-0.23825,0.83449,0.78764,0.44829
729,0.026307,0.83449,0.79295,0.17575
730,0.16677,0.83449,0.80872,0.031047
731,0.52227,0.83449,0.94396,-0.33518
732,0.71236,0.83449,1.1073,-0.531
733,0.71236,0.83449,1.2478,-0.531
734,0.6876,0.83449,1.3724,-0.50549
735,0.48094,0.83449,1.4251,-0.2926
736,0.16677,0.83449,1.3777,0.031047
737,-0.097685,0.83449,1.2741,0.30349
738,-0.42842,0.83449,1.1055,0.64421
739,-0.5028,0.83449,0.93516,0.72083
740,-0.5028,0.83449,0.74728,0.72083
741,-0.37881,0.83449,0.60855,0.59309
742,-0.30443,0.83449,0.50315,0.51647
743,-0.21349,0.83449,0.4189,0.42278
744,-0.54413,0.83449,0.19763,0.76341
745,-0.69288,0.83449,-0.034199,0.91665
746,-0.88306,0.83449,-0.31165,1.1126
747,-0.83344,0.83449,-0.56801,1.0615
748,-0.69288,0.83449,-0.77522,0.91665
749,-0.13911,0.83449,-0.82614,0.34616
750,0.73721,0.83449,-0.61717,-0.55661
751,0.92729,0.83449,-0.44158,-0.75242
752,1.2828,0.83449,-0.15184,-1.1187
753,1.0926,0.83449,0.050108,-0.92274
754,0.81159,0.83449,0.16602,-0.63323
755,0.73721,0.83449,0.29069,-0.55661
756,0.29076,0.83449,0.30475,-0.096686
757,-0.16387,0.83449,0.19409,0.37167
758,-0.048164,0.83449,0.13614,0.25247
759,-0.18863,0.83449,0.034329,0.39718
760,-0.66812,0.83449,-0.21156,0.89114
761,-0.73431,0.83449,-0.42929,0.95932
762,-0.88306,0.83449,-0.69622,1.1126
763,-0.64336,0.83449,-0.85072,0.86563
764,-0.28786,0.83449,-0.92451,0.4994
765,0.52227,0.83449,-0.75418,-0.33518
766,0.6876,0.83449,-0.63649,-0.50549
767,0.57189,0.83449,-0.56452,-0.38629
768,0.38171,0.83449,-0.53291,-0.19038
769,0.16677,0.83449,-0.5364,0.031047
770,-0.37881,0.83449,-0.70674,0.59309
771,-0.35395,0.83449,-0.83317,0.56749
772,0.14201,0.83449,-0.79808,0.056555
773,0.54703,0.83449,-0.65232,-0.36069
774,0.95215,0.83449,-0.41877,-0.77803
775,1.2167,0.83449,-0.13955,-1.0506
776,0.95215,0.83449,0.030789,-0.77803
777,0.88596,0.83449,0.19763,-0.70985
778,0.81159,0.83449,0.32407,-0.63323
779,0.73721,0.83449,0.43468,-0.55661
780,0.49742,0.83449,0.50143,-0.30958
781,0.3321,0.83449,0.51372,-0.13926
782,0.24124,0.83449,0.50492,-0.045671
783,-0.32919,0.83449,0.32053,0.54198
784,-0.59375,0.83449,0.12213,0.81452
785,-0.59375,0.83449,-0.060498,0.81452
786,-0.70945,0.83449,-0.29936,0.93372
787,-0.56889,0.83449,-0.45913,0.78891
788,-0.69288,0.83449,-0.67513,0.91665
789,-0.5028,0.83449,-0.82968,0.72083
790,-0.5028,0.83449,-0.99825,0.72083
791,-0.30443,0.83449,-1.1405,0.51647
792,-0.16387,0.83449,-1.2406,0.37167
793,0.78683,0.83449,-0.9895,-0.60772
794,0.92729,0.83449,-0.78751,-0.75242
795,1.2167,0.83449,-0.53114,-1.0506
796,1.2828,0.83449,-0.27478,-1.1187
797,1.0761,0.83449,-0.086847,-0.90576
798,0.83644,0.83449,0.051878,-0.65883
799,0.83644,0.83449,0.21164,-0.65883
800,0.54703,0.83449,0.27663,-0.36069
801,0.051067,0.83449,0.16951,0.15025
802,-0.28786,0.83449,0.0079798,0.4994
803,-0.42842,0.83449,-0.14835,0.64421
804,-0.69288,0.83449,-0.39242,0.91665
805,-0.66812,0.83449,-0.5803,0.89114
806,-0.94915,0.83449,-0.88936,1.1806
807,-0.73431,0.83449,-1.0931,0.95932
808,-0.56889,0.83449,-1.2687,0.78891
809,-0.28786,0.83449,-1.3635,0.4994
810,-0.023309,0.83449,-1.4021,0.22687
811,0.21639,0.83449,-1.3477,-0.020066
812,0.88596,0.83449,-1.1159,-0.70985
813,1.0926,0.83449,-0.88061,-0.92274
814,1.2167,0.83449,-0.633,-1.0506
815,1.5473,0.83449,-0.28004,-1.3912
816,1.4316,0.83449,0.0096994,-1.272
817,1.0761,0.83449,0.19763,-0.90576
818,0.90253,0.83449,0.33459,-0.72692
819,0.24124,0.83449,0.28189,-0.045671
820,-0.13911,0.83449,0.17477,0.34616
821,-0.40357,0.83449,0.011469,0.6186
822,-0.59375,0.83449,-0.18521,0.81452
823,-0.83344,0.83449,-0.45038,1.0615
824,-0.70945,0.83449,-0.66284,0.93372
825,-0.30443,0.83449,-0.72257,0.51647
826,0.30734,0.83449,-0.62248,-0.11376
827,0.81159,0.83449,-0.41174,-0.63323
828,1.1918,0.83449,-0.12372,-1.025
829,1.4316,0.83449,0.20112,-1.272
830,1.1175,0.83449,0.36969,-0.94834
831,0.83644,0.83449,0.50143,-0.65883
832,0.71236,0.83449,0.6173,-0.531
833,-0.097685,0.83449,0.45577,0.30349
834,-0.66812,0.83449,0.1906,0.89114
835,-0.89963,0.83449,-0.072838,1.1296
836,-0.8583,0.83449,-0.33623,1.0871
837,-0.69288,0.83449,-0.51536,0.91665
838,-0.072925,0.83449,-0.53994,0.27798
839,0.29076,0.83449,-0.46793,-0.096686
840,0.6876,0.83449,-0.32394,-0.50549
841,0.67102,0.83449,-0.23786,-0.48842
842,0.40657,0.83449,-0.22208,-0.21598
843,0.35695,0.83449,-0.18521,-0.16487
844,0.49742,0.83449,-0.076328,-0.30958
845,0.40657,0.83449,-0.023629,-0.21598
846,0.19163,0.83449,-0.041229,0.0054416
847,-0.2631,0.83449,-0.16938,0.4739
848,-0.11426,0.83449,-0.22557,0.32056
849,0.11716,0.83449,-0.22911,0.08216
850,0.21639,0.83449,-0.22385,-0.020066
851,-0.023309,0.83449,-0.29759,0.22687
852,-0.35395,0.83449,-0.45038,0.56749
853,-0.83344,0.83449,-0.73132,1.0615
854,-0.8583,0.83449,-1.0158,1.0871
855,-0.59375,0.83449,-1.2125,0.81452
856,0.026307,0.83449,-1.2195,0.17575
857,0.49742,0.83449,-1.0913,-0.30958
858,0.90253,0.83449,-0.87535,-0.72692
859,1.2828,0.83449,-0.58384,-1.1187
860,0.83644,0.83449,-0.47319,-0.65883
861,0.35695,0.83449,-0.45564,-0.16487
862,-0.2631,0.83449,-0.61368,0.4739
863,-1.1889,0.83449,-1.0246,1.4277
864,-1.5692,0.83449,-1.4759,1.8194
865,-1.4039,0.83449,-1.8306,1.6491
866,-0.5028,0.83449,-1.9272,0.72083
867,0.57189,0.83449,-1.7235,-0.38629
868,1.4316,0.83449,-1.3459,-1.272
869,1.6713,0.83449,-0.97716,-1.5189
870,1.5225,0.83449,-0.67513,-1.3656
871,1.4564,0.83449,-0.38362,-1.2975
872,1.1422,0.83449,-0.17464,-0.97385
873,0.97691,0.83449,0.016729,-0.80354
874,1.0761,0.83449,0.22044,-0.90576
875,0.76197,0.83449,0.30824,-0.58211
876,0.29076,0.83449,0.29772,-0.096686
877,-0.21349,0.83449,0.159,0.42278
878,-0.73431,0.83449,-0.10445,0.95932
879,-0.89963,0.83449,-0.38539,1.1296
880,-0.89963,0.83449,-0.63649,1.1296
881,-0.73431,0.83449,-0.86306,0.95932
882,-0.35395,0.83449,-0.98596,0.56749
883,0.38171,0.83449,-0.87535,-0.19038
884,0.78683,0.83449,-0.70674,-0.60772
885,1.4316,0.83449,-0.34326,-1.272
886,1.4812,0.83449,-0.037689,-1.323
887,1.2167,0.83449,0.18706,-1.0506
888,0.90253,0.83449,0.32933,-0.72692
889,0.40657,0.83449,0.35568,-0.21598
890,-0.2631,0.83449,0.20466,0.4739
891,-0.28786,0.83449,0.086977,0.4994
892,-0.5028,0.83449,-0.11497,0.72083
893,-0.45318,0.83449,-0.26072,0.66971
894,-0.16387,0.83449,-0.30988,0.37167
895,0.14201,0.83449,-0.2941,0.056555
896,0.24124,0.83449,-0.26947,-0.045671
897,0.16677,0.83449,-0.28176,0.031047
898,0.11716,0.83449,-0.29582,0.08216
899,-0.32919,0.83449,-0.46267,0.54198
900,-0.5028,0.83449,-0.65581,0.72083
901,-0.59375,0.83449,-0.85072,0.81452
902,-0.66812,0.83449,-1.0685,0.89114
903,-0.56889,0.83449,-1.2529,0.78891
904,-0.59375,0.83449,-1.4531,0.81452
905,-0.30443,0.83449,-1.5461,0.51647
906,0.43133,0.83449,-1.4303,-0.24149
907,0.88596,0.83449,-1.2143,-0.70985
908,1.5225,0.83449,-0.82968,-1.3656
909,1.8367,0.83449,-0.41174,-1.6892
910,1.8367,0.83449,-0.037689,-1.6892
911,1.7623,0.83449,0.3223,-1.6126
912,1.1175,0.83449,0.46983,-0.94834
913,0.48094,0.83449,0.49086,-0.2926
914,-0.23825,0.83449,0.34339,0.44829
915,-1.4286,0.83449,-0.16412,1.6746
916,-2.1148,0.83449,-0.77876,2.3815
917,-1.8585,0.83449,-1.2511,2.1175
918,-1.0236,0.83449,-1.4776,1.2574
919,0.026307,0.83449,-1.4109,0.17575
920,0.6876,0.83449,-1.2248,-0.50549
921,1.1918,0.83449,-0.92451,-1.025
922,1.1918,0.83449,-0.69268,-1.025
923,1.2828,0.83449,-0.42226,-1.1187
924,1.4564,0.83449,-0.10794,-1.2975
925,1.4564,0.83449,0.18357,-1.2975
926,1.382,0.83449,0.46452,-1.2209
927,1.1175,0.83449,0.65771,-0.94834
928,1.0265,0.83449,0.85439,-0.85465
929,0.97691,0.83449,1.03,-0.80354
930,0.76197,0.83449,1.1336,-0.58211
931,0.48094,0.83449,1.1792,-0.2926
932,0.092398,0.83449,1.1248,0.10767
933,-0.30443,0.83449,0.97557,0.51647
934,-0.56889,0.83449,0.78764,0.78891
935,-0.70945,0.83449,0.56288,0.93372
936,-0.35395,0.83449,0.46452,0.56749
937,-0.30443,0.83449,0.32579,0.51647
938,-0.072925,0.83449,0.28892,0.27798
939,-0.023309,0.83449,0.24679,0.22687
940,0.092398,0.83449,0.2345,0.10767
941,-0.13911,0.83449,0.14145,0.34616
942,-0.70945,0.83449,-0.14304,0.93372
943,-1.0484,0.83449,-0.48199,1.2829
944,-1.0731,0.83449,-0.78053,1.3084
945,-1.2137,0.83449,-1.137,1.4532
946,-1.1393,0.83449,-1.4337,1.3766
947,-1.0731,0.83449,-1.72,1.3084
948,-0.75907,0.83449,-1.9026,0.98483
949,0.026307,0.83449,-1.8746,0.17575
950,1.0018,0.83449,-1.569,-0.82914
951,1.4564,0.83449,-1.2406,-1.2975
952,1.8614,0.83449,-0.80334,-1.7147
953,1.9276,0.83449,-0.38013,-1.7829
954,2.0929,0.83449,0.10281,-1.9532
955,2.002,0.83449,0.50669,-1.8595
956,1.7127,0.83449,0.83507,-1.5615
957,1.4564,0.83449,1.0967,-1.2975
958,1.0513,0.83449,1.2442,-0.88016
959,0.54703,0.83449,1.2829,-0.36069
960,0.21639,0.83449,1.253,-0.020066
961,-0.18863,0.83449,1.1301,0.39718
962,-0.32919,0.83449,0.99135,0.54198
963,-0.97401,0.83449,0.64542,1.2063
964,-1.2633,0.83449,0.28543,1.5043
965,-1.2137,0.83449,-0.046489,1.4532
966,-1.0484,0.83449,-0.33097,1.2829
967,-0.70945,0.83449,-0.51885,0.93372
968,0.075827,0.83449,-0.47845,0.12474
969,0.48094,0.83449,-0.34852,-0.2926
970,0.8612,0.83449,-0.14835,-0.68434
971,0.76197,0.83449,-0.02191,-0.58211
972,0.57189,0.83449,0.050108,-0.38629
973,0.24124,0.83449,0.037819,-0.045671
974,-0.28786,0.83449,-0.13606,0.4994
975,-0.47804,0.83449,-0.31337,0.69532
976,-0.73431,0.83449,-0.57155,0.95932
977,-0.59375,0.83449,-0.75241,0.81452
978,-0.11426,0.83449,-0.80859,0.32056
979,0.52227,0.83449,-0.68039,-0.33518
980,0.88596,0.83449,-0.48547,-0.70985
981,1.0926,0.83449,-0.23786,-0.92274
982,1.2828,0.83449,0.039589,-1.1187
983,1.2828,0.83449,0.29418,-1.1187
984,1.4977,0.83449,0.62787,-1.3401
985,1.2662,0.83449,0.84382,-1.1016
986,0.95215,0.83449,1.0036,-0.77803
987,0.73721,0.83449,1.1353,-0.55661
988,0.6876,0.83449,1.2565,-0.50549
989,0.21639,0.83449,1.2091,-0.020066
990,-0.23825,0.83449,1.0686,0.44829
991,-0.45318,0.83449,0.89829,0.66971
992,-0.92439,0.83449,0.5822,1.1551
993,-1.098,0.83449,0.26788,1.334
994,-1.0484,0.83449,-0.034199,1.2829
995,-0.83344,0.83449,-0.24666,1.0615
996,-0.8583,0.83449,-0.47845,1.0871
997,-0.61851,0.83449,-0.63826,0.84003
998,-0.28786,0.83449,-0.71028,0.4994
999,-0.18863,0.83449,-0.78402,0.39718
1000,-0.048164,0.83449,-0.82442,0.25247
1001,0.14201,0.83449,-0.82791,0.056555
1002,0.16677,0.83449,-0.83145,0.031047
1003,0.38171,0.83449,-0.75944,-0.19038
1004,0.8612,0.83449,-0.53817,-0.68434
1005,1.0018,0.83449,-0.33097,-0.82914
1006,1.4316,0.83449,-0.00082011,-1.272
1007,1.4812,0.83449,0.30647,-1.323
1008,1.0926,0.83449,0.49789,-0.92274
1009,0.76197,0.83449,0.59449,-0.58211
1010,0.54703,0.83449,0.67526,-0.36069
1011,0.026307,0.83449,0.59272,0.17575
1012,-0.32919,0.83449,0.43645,0.54198
1013,-0.32919,0.83449,0.30824,0.54198
1014,-0.28786,0.83449,0.20638,0.4994
1015,-0.097685,0.83449,0.16425,0.30349
1016,0.026307,0.83449,0.13791,0.17575
1017,0.0014513,0.83449,0.079947,0.20136
1018,-0.048164,0.83449,0.030789,0.25247
1019,0.051067,0.83449,0.0079798,0.15025
1020,0.49742,0.83449,0.13442,-0.30958
1021,0.54703,0.83449,0.22924,-0.36069
1022,0.43133,0.83449,0.28017,-0.24149
1023,0.43133,0.83449,0.33636,-0.24149
1024,0.075827,0.83449,0.27486,0.12474
1025,-0.13911,0.83449,0.1906,0.34616
1026,-0.32919,0.83449,0.021989,0.54198
1027,-0.37881,0.83449,-0.10794,0.59309
1028,-0.13911,0.83449,-0.16938,0.34616
1029,0.38171,0.83449,-0.076328,-0.19038
1030,0.73721,0.83449,0.088747,-0.55661
1031,0.83644,0.83449,0.25382,-0.65883
1032,0.71236,0.83449,0.37672,-0.531
1033,0.6876,0.83449,0.49263,-0.50549
1034,0.57189,0.83449,0.56991,-0.38629
1035,0.54703,0.83449,0.64188,-0.36069
1036,0.266,0.83449,0.63136,-0.071179
1037,0.30734,0.83449,0.67177,-0.11376
1038,-0.21349,0.83449,0.51721,0.42278
1039,-0.23825,0.83449,0.40307,0.44829
1040,-0.32919,0.83449,0.2696,0.54198
1041,-0.70945,0.83449,0.0079798,0.93372
1042,-0.66812,0.83449,-0.1887,0.89114
1043,-0.75907,0.83449,-0.417,0.98483
1044,-0.47804,0.83449,-0.54166,0.69532
1045,-0.45318,0.83449,-0.68393,0.66971
1046,0.21639,0.83449,-0.63123,-0.020066
1047,0.43133,0.83449,-0.54869,-0.24149
1048,0.43133,0.83449,-0.50302,-0.24149
1049,0.24124,0.83449,-0.51885,-0.045671
1050,0.54703,0.83449,-0.41174,-0.36069
1051,0.78683,0.83449,-0.26947,-0.60772
1052,0.83644,0.83449,-0.10617,-0.65883
1053,1.2167,0.83449,0.17654,-1.0506
1054,1.2415,0.83449,0.42239,-1.0761
1055,1.2415,0.83449,0.67349,-1.0761
1056,1.1175,0.83449,0.88777,-0.94834
1057,1.0265,0.83449,1.0581,-0.85465
1058,0.88596,0.83449,1.2091,-0.70985
1059,0.49742,0.83449,1.239,-0.30958
1060,0.14201,0.83449,1.2003,0.056555
1061,-0.2631,0.83449,1.0563,0.4739
1062,-0.69288,0.83449,0.79644,0.91665
1063,-1.1641,0.83449,0.4101,1.4021
1064,-1.6683,0.83449,-0.076328,1.9215
1065,-1.4039,0.83449,-0.4258,1.6491
1066,-0.70945,0.83449,-0.58384,0.93372
1067,0.16677,0.83449,-0.51708,0.031047
1068,0.38171,0.83449,-0.45038,-0.19038
1069,0.73721,0.83449,-0.28353,-0.55661
1070,0.81159,0.83449,-0.12372,-0.63323
1071,1.1422,0.83449,0.12562,-0.97385
1072,0.76197,0.83449,0.22221,-0.58211
1073,0.59665,0.83449,0.32407,-0.4118
1074,0.73721,0.83449,0.45754,-0.55661
1075,0.38171,0.83449,0.47155,-0.19038
1076,0.266,0.83449,0.48914,-0.071179
1077,0.35695,0.83449,0.54882,-0.16487
1078,0.3321,0.83449,0.56814,-0.13926
1079,0.35695,0.83449,0.60855,-0.16487
1080,0.14201,0.83449,0.59272,0.056555
1081,0.0014513,0.83449,0.54882,0.20136
1082,-0.23825,0.83449,0.41187,0.44829
1083,-0.23825,0.83449,0.30475,0.44829
1084,-0.18863,0.83449,0.21164,0.39718
1085,0.051067,0.83449,0.19586,0.15025
1086,0.48094,0.83449,0.30121,-0.2926
1087,0.38171,0.83449,0.33636,-0.19038
1088,0.43133,0.83449,0.38729,-0.24149
1089,-0.23825,0.83449,0.22044,0.44829
1090,-0.64336,0.83449,-0.0096201,0.86563
1091,-1.1889,0.83449,-0.39242,1.4277
1092,-1.8089,0.83449,-0.89993,2.0663
1093,-1.7098,0.83449,-1.3372,1.9642
1094,-1.2137,0.83449,-1.6181,1.4532
1095,-0.18863,0.83449,-1.6234,0.39718
1096,0.73721,0.83449,-1.3951,-0.55661
1097,1.4977,0.83449,-1.0035,-1.3401
1098,1.8367,0.83449,-0.58556,-1.6892
1099,2.0268,0.83449,-0.12903,-1.8852
1100,1.878,0.83449,0.26257,-1.7318
1101,1.6878,0.83449,0.60678,-1.5359
1102,1.4316,0.83449,0.8772,-1.272
1103,1.0761,0.83449,1.0475,-0.90576
1104,0.71236,0.83449,1.1389,-0.531
1105,0.48094,0.83449,1.188,-0.2926
1106,0.21639,0.83449,1.1599,-0.020066
1107,0.0014513,0.83449,1.1055,0.20136
1108,-0.28786,0.83449,0.95271,0.4994
1109,-0.70945,0.83449,0.70161,0.93372
1110,-1.0484,0.83449,0.35917,1.2829
1111,-1.4286,0.83449,-0.071068,1.6746
1112,-1.2633,0.83449,-0.41174,1.5043
1113,-0.99877,0.83449,-0.68216,1.2318
1114,-0.64336,0.83449,-0.85603,0.86563
1115,0.40657,0.83449,-0.68393,-0.21598
1116,0.90253,0.83449,-0.46267,-0.72692
1117,1.4316,0.83449,-0.1132,-1.272
1118,1.6217,0.83449,0.24502,-1.4678
1119,1.597,0.83449,0.57866,-1.4423
1120,1.4316,0.83449,0.85788,-1.272
1121,1.0926,0.83449,1.0405,-0.92274
1122,0.90253,0.83449,1.1986,-0.72692
1123,0.71236,0.83449,1.3039,-0.531
1124,0.38171,0.83449,1.325,-0.19038
1125,0.14201,0.83449,1.2987,0.056555
1126,-0.072925,0.83449,1.2179,0.27798
1127,-0.23825,0.83449,1.1143,0.44829
1128,0.051067,0.83449,1.102,0.15025
1129,0.0014513,0.83449,1.0511,0.20136
1130,0.051067,0.83449,1.0212,0.15025
1131,0.11716,0.83449,1.0265,0.08216
1132,0.11716,0.83449,1.0124,0.08216
1133,0.051067,0.83449,0.97906,0.15025
1134,-0.40357,0.83449,0.79821,0.6186
1135,-0.89963,0.83449,0.49263,1.1296
1136,-1.2881,0.83449,0.11156,1.5298
1137,-1.1146,0.83449,-0.18344,1.3511
1138,-0.5028,0.83449,-0.29936,0.72083
1139,0.40657,0.83449,-0.14481,-0.21598
1140,0.92729,0.83449,0.083487,-0.75242
1141,1.1918,0.83449,0.35042,-1.025
1142,1.0761,0.83449,0.54882,-0.90576
1143,1.0926,0.83449,0.7578,-0.92274
1144,0.67102,0.83449,0.81398,-0.48842
1145,0.14201,0.83449,0.74551,0.056555
1146,-0.11426,0.83449,0.64719,0.32056
1147,-0.097685,0.83449,0.56465,0.30349
1148,0.21639,0.83449,0.58923,-0.020066
1149,0.6876,0.83449,0.73499,-0.50549
1150,0.8612,0.83449,0.89652,-0.68434
1151,0.95215,0.83449,1.0897,-0.77803
1152,0.76197,0.83449,1.1986,-0.58211
1153,0.90253,0.83449,1.3935,-0.72692
1154,0.76197,0.83449,1.5146,-0.58211
1155,0.6876,0.83449,1.6288,-0.50549
1156,0.57189,0.83449,1.7026,-0.38629
1157,0.40657,0.83449,1.7289,-0.21598
1158,0.19163,0.83449,1.7096,0.0054416
1159,-0.23825,0.83449,1.5708,0.44829
1160,-0.35395,0.83449,1.4268,0.56749
1161,-0.92439,0.83449,1.1248,1.1551
1162,-1.1641,0.83449,0.78941,1.4021
1163,-1.2633,0.83449,0.43291,1.5043
1164,-1.0731,0.83449,0.13614,1.3084
1165,-0.83344,0.83449,-0.083358,1.0615
1166,-0.21349,0.83449,-0.12726,0.42278
1167,0.48094,0.83449,0.0062097,-0.2926
1168,1.0513,0.83449,0.25559,-0.88016
1169,1.2828,0.83449,0.53653,-1.1187
1170,1.4316,0.83449,0.86668,-1.272
1171,1.1422,0.83449,1.0598,-0.97385
1172,0.81159,0.83449,1.1723,-0.63323
1173,0.43133,0.83449,1.2021,-0.24149
1174,-0.18863,0.83449,1.0634,0.39718
1175,-0.66812,0.83449,0.81398,0.89114
1176,-1.4286,0.83449,0.35391,1.6746
1177,-2.0735,0.83449,-0.2414,2.3389
1178,-1.9991,0.83449,-0.7559,2.2623
1179,-1.6932,0.83449,-1.1826,1.9471
1180,-1.2137,0.83449,-1.4706,1.4532
1181,-0.32919,0.83449,-1.5338,0.54198
1182,0.3321,0.83449,-1.439,-0.13926
1183,0.71236,0.83449,-1.2704,-0.531
1184,1.2415,0.83449,-0.97018,-1.0761
1185,1.3324,0.83449,-0.68742,-1.1698
1186,1.4316,0.83449,-0.38362,-1.272
1187,1.6878,0.83449,0.018499,-1.5359
1188,1.6217,0.83449,0.35391,-1.4678
1189,1.597,0.83449,0.67703,-1.4423
1190,1.1671,0.83449,0.87371,-0.99945
1191,0.97691,0.83449,1.0475,-0.80354
1192,0.59665,0.83449,1.0967,-0.4118
1193,0.266,0.83449,1.0827,-0.071179
1194,0.026307,0.83449,1.0423,0.17575
1195,-0.2631,0.83449,0.8772,0.4739
1196,-0.32919,0.83449,0.72442,0.54198
1197,-0.30443,0.83449,0.59095,0.51647
1198,-0.37881,0.83449,0.45051,0.59309
1199,-0.5028,0.83449,0.27663,0.72083
1200,-0.32919,0.83449,0.159,0.54198
1201,-0.40357,0.83449,0.025529,0.6186
1202,-0.45318,0.83449,-0.10268,0.66971
1203,-0.70945,0.83449,-0.32394,0.93372
1204,-0.70945,0.83449,-0.53463,0.93372
1205,-0.56889,0.83449,-0.69971,0.78891
1206,0.051067,0.83449,-0.70325,0.15025
1207,0.95215,0.83449,-0.44335,-0.77803
1208,1.4316,0.83449,-0.081587,-1.272
1209,1.8119,0.83449,0.34688,-1.6637
1210,1.7623,0.83449,0.70687,-1.6126
1211,1.4977,0.83449,0.99312,-1.3401
1212,1.4316,0.83449,1.2811,-1.272
1213,1.2167,0.83449,1.52,-1.0506
1214,0.81159,0.83449,1.6306,-0.63323
1215,0.6215,0.83449,1.7131,-0.43741
1216,-0.18863,0.83449,1.5551,0.39718
1217,-0.47804,0.83449,1.3636,0.69532
1218,-1.3047,0.83449,0.93865,1.5469
1219,-2.1892,0.83449,0.29418,2.4581
1220,-2.7347,0.83449,-0.47142,3.0201
1221,-2.3793,0.83449,-1.0826,2.654
1222,-1.4039,0.83449,-1.3969,1.6491
1223,0.075827,0.83449,-1.2687,0.12474
1224,1.1671,0.83449,-0.91394,-0.99945
1225,1.8614,0.83449,-0.43283,-1.7147
1226,2.1425,0.83449,0.078228,-2.0044
1227,2.002,0.83449,0.47857,-1.8595
1228,1.6465,0.83449,0.77363,-1.4933
1229,1.2828,0.83449,1.0036,-1.1187
1230,0.90253,0.83449,1.1389,-0.72692
1231,0.45609,0.83449,1.1564,-0.267
1232,0.0014513,0.83449,1.0634,0.20136
1233,-0.69288,0.83449,0.76832,0.91665
1234,-1.2386,0.83449,0.36094,1.4788
1235,-1.4039,0.83449,-0.053519,1.6491
1236,-1.0484,0.83449,-0.32571,1.2829
1237,-0.54413,0.83449,-0.44684,0.76341
1238,0.092398,0.83449,-0.39242,0.10767
1239,0.45609,0.83449,-0.2853,-0.267
1240,0.71236,0.83449,-0.15184,-0.531
1241,0.90253,0.83449,0.021989,-0.72692
1242,1.0761,0.83449,0.23799,-0.90576
1243,1.0761,0.83449,0.44525,-0.90576
1244,1.0761,0.83449,0.65948,-0.90576
1245,0.92729,0.83449,0.82101,-0.75242
1246,0.73721,0.83449,0.94042,-0.55661
1247,0.29076,0.83449,0.93865,-0.096686
1248,-0.5028,0.83449,0.71916,0.72083
1249,-1.2137,0.83449,0.3311,1.4532
1250,-1.8585,0.83449,-0.22208,2.1175
1251,-1.9742,0.83449,-0.75064,2.2367
1252,-1.6188,0.83449,-1.1387,1.8705
1253,-0.66812,0.83449,-1.2547,0.89114
1254,0.40657,0.83449,-1.1019,-0.21598
1255,1.1918,0.83449,-0.7735,-1.025
1256,1.7623,0.83449,-0.34498,-1.6126
1257,1.6878,0.83449,0.020269,-1.5359
1258,1.6465,0.83449,0.3574,-1.4933
1259,1.4564,0.83449,0.65068,-1.2975
1260,1.0513,0.83449,0.82804,-0.88016
1261,1.1422,0.83449,1.0704,-0.97385
1262,1.0265,0.83449,1.2513,-0.85465
1263,0.71236,0.83449,1.3478,-0.531
1264,0.48094,0.83449,1.3935,-0.2926
1265,0.026307,0.83449,1.3004,0.17575
1266,-0.35395,0.83449,1.1459,0.56749
1267,-0.69288,0.83449,0.89829,0.91665
1268,-1.1889,0.83449,0.49612,1.4277
1269,-1.2386,0.83449,0.14671,1.4788
1270,-1.098,0.83449,-0.15887,1.334
1271,-0.70945,0.83449,-0.34149,0.93372
1272,0.30734,0.83449,-0.19927,-0.11376
1273,0.83644,0.83449,-0.01488,-0.65883
1274,0.92729,0.83449,0.17128,-0.75242
1275,1.0926,0.83449,0.40833,-0.92274
1276,1.2167,0.83449,0.65594,-1.0506
1277,1.0761,0.83449,0.84913,-0.90576
1278,0.97691,0.83449,1.0212,-0.80354
1279,0.76197,0.83449,1.1371,-0.58211
1280,0.54703,0.83449,1.2056,-0.36069
1281,0.051067,0.83449,1.1213,0.15025
1282,-0.5028,0.83449,0.89475,0.72083
1283,-0.83344,0.83449,0.61907,1.0615
1284,-0.92439,0.83449,0.32053,1.1551
1285,-0.69288,0.83449,0.12916,0.91665
1286,-0.23825,0.83449,0.064168,0.44829
1287,0.54703,0.83449,0.25559,-0.36069
1288,0.6876,0.83449,0.38729,-0.50549
1289,0.71236,0.83449,0.51372,-0.531
1290,0.48094,0.83449,0.54533,-0.2926
1291,0.48094,0.83449,0.59798,-0.2926
1292,0.11716,0.83449,0.5383,0.08216
1293,-0.28786,0.83449,0.36443,0.4994
1294,-0.21349,0.83449,0.25731,0.42278
1295,0.0014513,0.83449,0.24153,0.20136
1296,0.48094,0.83449,0.35917,-0.2926
1297,0.3321,0.83449,0.35214,-0.13926
1298,0.57189,0.83449,0.44874,-0.38629
1299,0.45609,0.83449,0.49086,-0.267
1300,0.38171,0.83449,0.5383,-0.19038
1301,0.57189,0.83449,0.64016,-0.38629
1302,0.54703,0.83449,0.71567,-0.36069
1303,0.45609,0.83449,0.79992,-0.267
1304,0.59665,0.83449,0.91938,-0.4118
1305,0.3321,0.83449,0.9211,-0.13926
1306,0.266,0.83449,0.93865,-0.071179
1307,0.16677,0.83449,0.93693,0.031047
1308,0.16677,0.83449,0.94042,0.031047
1309,0.266,0.83449,0.9738,-0.071179
1310,0.6876,0.83449,1.1125,-0.50549
1311,0.54703,0.83449,1.1705,-0.36069
1312,0.73721,0.83449,1.3373,-0.55661
1313,0.83644,0.83449,1.4883,-0.65883
1314,0.54703,0.83449,1.5516,-0.36069
1315,0.52227,0.83449,1.6534,-0.33518
1316,0.52227,0.83449,1.7201,-0.33518
1317,0.48094,0.83449,1.7798,-0.2926
1318,0.45609,0.83449,1.8307,-0.267
1319,0.30734,0.83449,1.8483,-0.11376
1320,0.48094,0.83449,1.9291,-0.2926
1321,0.45609,0.83449,1.9871,-0.267
1322,0.266,0.83449,1.9923,-0.071179
1323,-0.16387,0.83449,1.8729,0.37167
1324,-0.37881,0.83449,1.7078,0.59309
1325,-0.54413,0.83449,1.5234,0.76341
1326,-0.94915,0.83449,1.1863,1.1806
1327,-1.2137,0.83449,0.82627,1.4532
1328,-1.098,0.83449,0.54179,1.334
1329,-0.51937,0.83449,0.4189,0.7379
1330,-0.56889,0.83449,0.2257,0.78891
1331,-0.18863,0.83449,0.17477,0.39718
1332,0.19163,0.83449,0.21518,0.0054416
1333,0.45609,0.83449,0.31881,-0.267
1334,0.73721,0.83449,0.48737,-0.55661
1335,0.6876,0.83449,0.61204,-0.50549
1336,0.54703,0.83449,0.67,-0.36069
1337,-0.35395,0.83449,0.44874,0.56749
1338,-1.2137,0.83449,0.053598,1.4532
1339,-1.6932,0.83449,-0.42929,1.9471
1340,-1.594,0.83449,-0.84723,1.8449
1341,-1.2386,0.83449,-1.1493,1.4788
1342,0.11716,0.83449,-1.0351,0.08216
1343,0.92729,0.83449,-0.77522,-0.75242
1344,1.4316,0.83449,-0.42054,-1.272
1345,1.4812,0.83449,-0.10971,-1.323
1346,1.4564,0.83449,0.18534,-1.2975
1347,1.5225,0.83449,0.51721,-1.3656
1348,1.597,0.83449,0.8421,-1.4423
1349,1.382,0.83449,1.1125,-1.2209
1350,1.2167,0.83449,1.3549,-1.0506
1351,1.1175,0.83449,1.5603,-0.94834
1352,0.76197,0.83449,1.6551,-0.58211
1353,0.71236,0.83449,1.7693,-0.531
1354,0.026307,0.83449,1.6464,0.17575
1355,-0.23825,0.83449,1.534,0.44829
1356,-0.2631,0.83449,1.4374,0.4739
1357,-0.69288,0.83449,1.181,0.91665
1358,-0.66812,0.83449,0.98083,0.89114
1359,-0.88306,0.83449,0.71567,1.1126
1360,-0.64336,0.83449,0.55585,0.86563
1361,-0.80868,0.83449,0.31527,1.0359
1362,-0.51937,0.83449,0.19763,0.7379
1363,-0.54413,0.83449,0.027299,0.76341
1364,-0.45318,0.83449,-0.11846,0.66971
1365,0.0014513,0.83449,-0.12903,0.20136
1366,0.35695,0.83449,-0.046489,-0.16487
1367,0.71236,0.83449,0.099267,-0.531
1368,0.71236,0.83449,0.22044,-0.531
1369,0.73721,0.83449,0.35042,-0.55661
1370,0.81159,0.83449,0.50846,-0.63323
1371,0.90253,0.83449,0.68052,-0.72692
1372,1.0513,0.83449,0.89475,-0.88016
1373,1.0761,0.83449,1.1108,-0.90576
1374,1.0761,0.83449,1.3162,-0.90576
1375,1.0761,0.83449,1.5234,-0.90576
1376,0.90253,0.83449,1.6674,-0.72692
1377,0.6876,0.83449,1.7605,-0.50549
1378,0.40657,0.83449,1.7816,-0.21598
1379,-0.13911,0.83449,1.6411,0.34616
1380,-0.35395,0.83449,1.4848,0.56749
1381,-0.70945,0.83449,1.246,0.93372
1382,-1.4783,0.83449,0.77535,1.7257
1383,-2.3793,0.83449,0.071198,2.654
1384,-2.4537,0.83449,-0.56452,2.7306
1385,-2.1148,0.83449,-1.0966,2.3815
1386,-1.6188,0.83449,-1.4654,1.8705
1387,-0.40357,0.83449,-1.4952,0.6186
1388,0.67102,0.83449,-1.2757,-0.48842
1389,1.2167,0.83449,-0.96841,-1.0506
1390,1.787,0.83449,-0.53291,-1.6381
1391,1.6465,0.83449,-0.20979,-1.4933
1392,1.4564,0.83449,0.083487,-1.2975
1393,0.97691,0.83449,0.22747,-0.80354
1394,0.45609,0.83449,0.23799,-0.267
1395,-0.13911,0.83449,0.11859,0.34616
1396,-0.5028,0.83449,-0.067528,0.72083
1397,-1.2137,0.83449,-0.46616,1.4532
1398,-1.1393,0.83449,-0.7735,1.3766
1399,-0.73431,0.83449,-0.94732,0.95932
1400,0.026307,0.83449,-0.89467,0.17575
1401,0.6876,0.83449,-0.69096,-0.50549
1402,0.71236,0.83449,-0.56275,-0.531
1403,0.71236,0.83449,-0.43455,-0.531
1404,0.54703,0.83449,-0.3643,-0.36069
1405,0.051067,0.83449,-0.44335,0.15025
1406,-0.30443,0.83449,-0.60316,0.51647
1407,-0.5028,0.83449,-0.79631,0.72083
1408,-0.54413,0.83449,-0.96841,0.76341
1409,-0.35395,0.83449,-1.0509,0.56749
1410,-0.37881,0.83449,-1.1984,0.59309
1411,0.45609,0.83449,-1.0667,-0.267
1412,1.0926,0.83449,-0.78579,-0.92274
1413,1.6713,0.83449,-0.37487,-1.5189
1414,1.9524,0.83449,0.065938,-1.8084
1415,1.9028,0.83449,0.47857,-1.7573
1416,1.8367,0.83449,0.88074,-1.6892
1417,1.2167,0.83449,1.0757,-1.0506
1418,1.3076,0.83449,1.3356,-1.1442
1419,1.0761,0.83449,1.5112,-0.90576
1420,0.71236,0.83449,1.5919,-0.531
1421,0.57189,0.83449,1.6639,-0.38629
1422,0.026307,0.83449,1.5498,0.17575
1423,-0.16387,0.83449,1.4479,0.37167
1424,-0.47804,0.83449,1.2723,0.69532
1425,-0.92439,0.83449,0.97557,1.1551
1426,-1.4783,0.83449,0.53304,1.7257
1427,-2.3793,0.83449,-0.16412,2.654
1428,-2.5694,0.83449,-0.84723,2.8498
1429,-2.5943,0.83449,-1.5251,2.8754
1430,-1.9742,0.83449,-1.9658,2.2367
1431,-1.0731,0.83449,-2.1871,1.3084
1432,0.19163,0.83449,-2.0747,0.0054416
1433,1.4068,0.83449,-1.6884,-1.2464
1434,2.1425,0.83449,-1.1352,-2.0044
1435,2.7377,0.83449,-0.46616,-2.6175
1436,2.8617,0.83449,0.17477,-2.7452
1437,2.5972,0.83449,0.74551,-2.4727
1438,2.3822,0.83449,1.2214,-2.2513
1439,2.002,0.83449,1.6078,-1.8595
1440,1.6878,0.83449,1.9291,-1.5359
1441,1.2828,0.83449,2.1504,-1.1187
1442,0.88596,0.83449,2.2698,-0.70985
1443,0.43133,0.83449,2.2909,-0.24149
1444,0.35695,0.83449,2.3294,-0.16487
1445,0.16677,0.83449,2.2978,0.031047
1446,0.14201,0.83449,2.2873,0.056555
1447,-0.16387,0.83449,2.1749,0.37167
1448,-0.28786,0.83449,2.0415,0.4994
1449,-0.75907,0.83449,1.7745,0.98483
1450,-1.2137,0.83449,1.397,1.4532
1451,-1.4535,0.83449,0.97557,1.7002
1452,-1.6683,0.83449,0.49263,1.9215
1453,-1.379,0.83449,0.16774,1.6235
1454,-0.88306,0.83449,-0.046489,1.1126
1455,0.0014513,0.83449,-0.00082011,0.20136
1456,0.45609,0.83449,0.1151,-0.267
1457,0.73721,0.83449,0.28366,-0.55661
1458,0.92729,0.83449,0.48383,-0.75242
1459,0.78683,0.83449,0.5822,-0.60772
1460,0.6876,0.83449,0.68755,-0.50549
1461,0.38171,0.83449,0.68932,-0.19038
1462,0.14201,0.83449,0.6612,0.056555
1463,-0.5028,0.83449,0.4013,0.72083
1464,-1.098,0.83449,0.046619,1.334
1465,-1.4783,0.83449,-0.39242,1.7257
1466,-1.6436,0.83449,-0.86306,1.896
1467,-1.379,0.83449,-1.2195,1.6235
1468,-0.47804,0.83449,-1.3073,0.69532
1469,0.35695,0.83449,-1.1704,-0.16487
1470,0.97691,0.83449,-0.91394,-0.80354
1471,1.4068,0.83449,-0.5803,-1.2464
1472,1.1918,0.83449,-0.37836,-1.025
1473,0.81159,0.83449,-0.25369,-0.63323
1474,0.95215,0.83449,-0.064038,-0.77803
1475,0.38171,0.83449,-0.069298,-0.19038
1476,0.30734,0.83449,-0.072838,-0.11376
1477,0.3321,0.83449,-0.030659,-0.13926
1478,0.24124,0.83449,-0.044719,-0.045671
1479,0.40657,0.83449,0.029019,-0.21598
1480,0.83644,0.83449,0.21867,-0.65883
1481,0.57189,0.83449,0.2696,-0.38629
1482,0.52227,0.83449,0.37849,-0.33518
1483,0.29076,0.83449,0.38375,-0.096686
1484,0.0014513,0.83449,0.31527,0.20136
1485,-0.2631,0.83449,0.16951,0.4739
1486,-0.18863,0.83449,0.088747,0.39718
1487,-0.18863,0.83449,-0.00785,0.39718
1488,-0.072925,0.83449,-0.058778,0.27798
1489,0.11716,0.83449,-0.085128,0.08216
1490,0.35695,0.83449,-0.025399,-0.16487
1491,0.76197,0.83449,0.17128,-0.58211
1492,0.76197,0.83449,0.32756,-0.58211
1493,0.90253,0.83449,0.51898,-0.72692
1494,0.95215,0.83449,0.70161,-0.77803
1495,0.73721,0.83449,0.79644,-0.55661
1496,0.73721,0.83449,0.90006,-0.55661
1497,0.54703,0.83449,0.96677,-0.36069
1498,0.57189,0.83449,1.0563,-0.38629
1499,0.35695,0.83449,1.0844,-0.16487
1500,0.38171,0.83449,1.1353,-0.19038
